ID,Accuracy rank,Group,Rule,Accuracy (%),Coverage (% of annotated smORFs evaluated),smORFs predicted (% of all),Evaluated (n),Correct (n),VERY_HIGH n,VERY_HIGH accuracy (%),HIGH n,HIGH accuracy (%),MEDIUM n,MEDIUM accuracy (%),LOW n,LOW accuracy (%)
C001,49,A. Weighted vote,"linear weights, 1 neighbour(s), all categories",44.2,77.2,74.9,58789,25983,53704,44.6,3841,37.4,1071,46.9,173,41.6
C002,26,A. Weighted vote,"linear weights, 1 neighbour(s), excluding S and R",50.0,60.3,72.4,45904,22960,43099,50.6,2123,40.5,579,45.9,103,31.1
C003,79,A. Weighted vote,"linear weights, 2 neighbour(s), all categories",40.1,93.8,92.9,71397,28613,38925,50.2,13956,31.7,14412,25.3,4104,24.4
C004,48,A. Weighted vote,"linear weights, 2 neighbour(s), excluding S and R",44.9,71.8,91.1,54667,24567,35761,52.5,9281,33.1,8075,28.6,1550,26.8
C005,65,A. Weighted vote,"steeper weights, 2 neighbour(s), all categories",41.1,91.8,90.8,69905,28742,43473,48.4,14431,31.6,10951,25.6,1050,32.1
C006,30,A. Weighted vote,"steeper weights, 2 neighbour(s), excluding S and R",46.3,70.6,89.2,53734,24890,39543,51.1,8818,34.8,4802,29.5,571,31.5
C007,69,A. Weighted vote,"flat weights, 2 neighbour(s), all categories",40.8,85.6,83.5,65124,26569,38114,50.1,11635,32.5,11458,24.8,3917,21.7
C008,40,A. Weighted vote,"flat weights, 2 neighbour(s), excluding S and R",45.3,66.0,82.5,50267,22784,34713,52.4,7320,33.2,6807,27.0,1427,23.3
C009,60,A. Weighted vote,"very steep weights, 2 neighbour(s), all categories",41.5,92.7,91.6,70564,29261,46716,47.6,19654,28.2,3551,36.0,643,35.5
C010,28,A. Weighted vote,"very steep weights, 2 neighbour(s), excluding S and R",46.8,71.0,89.6,54065,25284,41847,50.7,9786,33.1,2056,36.1,376,28.2
C011,83,A. Weighted vote,"linear weights, 3 neighbour(s), all categories",39.4,96.8,96.4,73652,29035,28006,56.8,16090,33.4,19114,28.5,10442,22.1
C012,53,A. Weighted vote,"linear weights, 3 neighbour(s), excluding S and R",43.5,73.9,95.3,56250,24480,27777,57.4,11465,33.0,12318,29.3,4690,24.3
C013,67,A. Weighted vote,"steeper weights, 3 neighbour(s), all categories",41.0,95.3,94.7,72533,29718,34342,53.2,18692,32.8,16100,27.2,3399,27.4
C014,38,A. Weighted vote,"steeper weights, 3 neighbour(s), excluding S and R",45.7,73.2,93.8,55712,25450,33555,54.2,12218,35.5,8429,29.6,1510,28.7
C015,89,A. Weighted vote,"flat weights, 3 neighbour(s), all categories",38.7,91.4,89.8,69557,26940,26482,56.9,14482,32.6,19067,27.5,9526,20.2
C016,56,A. Weighted vote,"flat weights, 3 neighbour(s), excluding S and R",42.5,69.1,87.1,52581,22364,26345,57.0,10118,32.3,11376,27.3,4742,20.5
C017,62,A. Weighted vote,"very steep weights, 3 neighbour(s), all categories",41.3,95.8,95.1,72942,30120,42449,49.3,22459,30.3,7054,29.5,980,33.4
C018,29,A. Weighted vote,"very steep weights, 3 neighbour(s), excluding S and R",46.4,73.4,93.9,55874,25899,39886,51.4,11975,34.3,3406,33.5,607,27.7
C019,85,A. Weighted vote,"linear weights, 4 neighbour(s), all categories",39.1,97.5,97.2,74203,29008,23015,60.8,15147,35.4,21431,29.7,14610,22.5
C020,55,A. Weighted vote,"linear weights, 4 neighbour(s), excluding S and R",42.8,74.5,96.4,56700,24273,23298,61.2,11346,34.3,14443,29.1,7613,25.0
C021,70,A. Weighted vote,"steeper weights, 4 neighbour(s), all categories",40.8,96.8,96.4,73671,30031,30588,55.7,18895,33.4,18603,28.4,5585,24.9
C022,39,A. Weighted vote,"steeper weights, 4 neighbour(s), excluding S and R",45.4,74.2,95.7,56479,25641,30365,56.3,13174,35.9,10556,30.2,2384,26.6
C023,91,A. Weighted vote,"flat weights, 4 neighbour(s), all categories",37.2,93.9,92.9,71489,26625,19895,61.4,13827,35.1,20508,28.0,17259,22.0
C024,78,A. Weighted vote,"flat weights, 4 neighbour(s), excluding S and R",40.2,71.0,90.1,54008,21707,20487,61.4,10353,33.6,13980,25.9,9188,22.0
C025,64,A. Weighted vote,"very steep weights, 4 neighbour(s), all categories",41.2,97.1,96.5,73867,30399,41429,49.7,23133,30.7,8221,29.0,1084,32.3
C026,32,A. Weighted vote,"very steep weights, 4 neighbour(s), excluding S and R",46.2,74.3,95.6,56518,26122,39309,51.6,12617,34.6,3890,32.7,702,27.8
C027,86,A. Weighted vote,"linear weights, 5 neighbour(s), all categories (ORIGINAL METHOD)",38.9,98.0,97.7,74599,29029,20776,63.2,14740,36.2,21862,30.2,17221,23.0
C028,57,A. Weighted vote,"linear weights, 5 neighbour(s), excluding S and R (ORIGINAL METHOD)",42.5,74.8,97.0,56969,24193,21183,63.6,11099,35.1,15296,29.5,9391,24.6
C029,71,A. Weighted vote,"steeper weights, 5 neighbour(s), all categories",40.7,97.7,97.4,74362,30273,28956,57.1,18386,33.5,20088,29.0,6932,25.3
C030,42,A. Weighted vote,"steeper weights, 5 neighbour(s), excluding S and R",45.2,74.8,96.8,56924,25752,28816,57.7,13361,35.3,11800,30.9,2947,25.6
C031,92,A. Weighted vote,"flat weights, 5 neighbour(s), all categories",36.2,95.2,94.5,72470,26245,15893,65.6,12626,36.3,21114,28.8,22837,22.6
C032,90,A. Weighted vote,"flat weights, 5 neighbour(s), excluding S and R",38.4,72.1,92.3,54901,21066,16615,65.5,9497,34.5,14865,26.0,13924,21.9
C033,66,A. Weighted vote,"very steep weights, 5 neighbour(s), all categories",41.1,97.8,97.3,74441,30572,41195,49.7,23334,30.8,8775,28.9,1137,31.9
C034,33,A. Weighted vote,"very steep weights, 5 neighbour(s), excluding S and R",46.1,74.7,96.5,56859,26225,39177,51.7,12839,34.6,4095,32.6,748,27.0
C035,22,B. Majority rule,"at least 2 of the 3 nearest agree, all categories",54.6,36.7,36.8,27926,15236,27926,54.6,0,,0,,0,
C036,21,B. Majority rule,"at least 2 of the 3 nearest agree, excluding S and R",56.0,36.4,48.1,27699,15505,27699,56.0,0,,0,,0,
C037,17,B. Majority rule,"at least 3 of the 5 nearest agree, all categories",62.4,27.4,26.2,20886,13038,20886,62.4,0,,0,,0,
C038,18,B. Majority rule,"at least 3 of the 5 nearest agree, excluding S and R",61.4,29.3,36.6,22285,13693,22285,61.4,0,,0,,0,
C039,5,B. Majority rule,"at least 4 of the 5 nearest agree, all categories",78.4,11.1,9.9,8469,6637,8469,78.4,0,,0,,0,
C040,12,B. Majority rule,"at least 4 of the 5 nearest agree, excluding S and R",72.8,14.2,17.5,10782,7845,10782,72.8,0,,0,,0,
C041,3,B. Majority rule,"at least 5 of the 7 nearest agree, all categories",80.5,10.3,8.5,7842,6309,7842,80.5,0,,0,,0,
C042,7,B. Majority rule,"at least 5 of the 7 nearest agree, excluding S and R",77.3,12.9,14.2,9842,7608,9842,77.3,0,,0,,0,
C043,4,B. Majority rule,"at least 6 of the 9 nearest agree, all categories",80.3,9.8,7.8,7448,5981,7448,80.3,0,,0,,0,
C044,6,B. Majority rule,"at least 6 of the 9 nearest agree, excluding S and R",78.0,12.3,12.6,9357,7303,9357,78.0,0,,0,,0,
C045,51,C. Confidence cutoff,"linear weights, 5 neighbours, predict only if winner has >= 30% of the vote, all categories",43.7,75.4,75.5,57378,25064,20776,63.2,14740,36.2,21862,30.2,0,
C046,35,C. Confidence cutoff,"linear weights, 5 neighbours, predict only if winner has >= 30% of the vote, excluding S and R",46.0,62.5,81.3,47578,21880,21183,63.6,11099,35.1,15296,29.5,0,
C047,24,C. Confidence cutoff,"linear weights, 5 neighbours, predict only if winner has >= 40% of the vote, all categories",52.0,46.7,45.6,35516,18460,20776,63.2,14740,36.2,0,,0,
C048,23,C. Confidence cutoff,"linear weights, 5 neighbours, predict only if winner has >= 40% of the vote, excluding S and R",53.8,42.4,53.8,32282,17372,21183,63.6,11099,35.1,0,,0,
C049,16,C. Confidence cutoff,"linear weights, 5 neighbours, predict only if winner has >= 50% of the vote, all categories",63.2,27.3,25.2,20776,13128,20776,63.2,0,,0,,0,
C050,15,C. Confidence cutoff,"linear weights, 5 neighbours, predict only if winner has >= 50% of the vote, excluding S and R",63.6,27.8,32.8,21183,13475,21183,63.6,0,,0,,0,
C051,10,C. Confidence cutoff,"linear weights, 5 neighbours, predict only if winner has >= 60% of the vote, all categories",74.5,16.0,13.4,12146,9053,12146,74.5,0,,0,,0,
C052,11,C. Confidence cutoff,"linear weights, 5 neighbours, predict only if winner has >= 60% of the vote, excluding S and R",74.4,17.6,18.9,13398,9966,13398,74.4,0,,0,,0,
C053,1,C. Confidence cutoff,"linear weights, 5 neighbours, predict only if winner has >= 70% of the vote, all categories",83.6,9.6,7.4,7325,6123,7325,83.6,0,,0,,0,
C054,2,C. Confidence cutoff,"linear weights, 5 neighbours, predict only if winner has >= 70% of the vote, excluding S and R",82.3,11.1,10.8,8418,6924,8418,82.3,0,,0,,0,
C055,59,C. Confidence cutoff,"steeper weights, 5 neighbours, predict only if winner has >= 30% of the vote, all categories",42.3,88.6,89.2,67430,28518,28956,57.1,18386,33.5,20088,29.0,0,
C056,31,C. Confidence cutoff,"steeper weights, 5 neighbours, predict only if winner has >= 30% of the vote, excluding S and R",46.3,70.9,92.1,53977,24999,28816,57.7,13361,35.3,11800,30.9,0,
C057,27,C. Confidence cutoff,"steeper weights, 5 neighbours, predict only if winner has >= 40% of the vote, all categories",47.9,62.2,62.8,47342,22700,28956,57.1,18386,33.5,0,,0,
C058,25,C. Confidence cutoff,"steeper weights, 5 neighbours, predict only if winner has >= 40% of the vote, excluding S and R",50.6,55.4,72.5,42177,21355,28816,57.7,13361,35.3,0,,0,
C059,20,C. Confidence cutoff,"steeper weights, 5 neighbours, predict only if winner has >= 50% of the vote, all categories",57.1,38.0,37.2,28956,16536,28956,57.1,0,,0,,0,
C060,19,C. Confidence cutoff,"steeper weights, 5 neighbours, predict only if winner has >= 50% of the vote, excluding S and R",57.7,37.9,48.4,28816,16634,28816,57.7,0,,0,,0,
C061,14,C. Confidence cutoff,"steeper weights, 5 neighbours, predict only if winner has >= 60% of the vote, all categories",66.5,23.8,21.8,18097,12042,18097,66.5,0,,0,,0,
C062,13,C. Confidence cutoff,"steeper weights, 5 neighbours, predict only if winner has >= 60% of the vote, excluding S and R",66.6,24.7,29.7,18797,12526,18797,66.6,0,,0,,0,
C063,9,C. Confidence cutoff,"steeper weights, 5 neighbours, predict only if winner has >= 70% of the vote, all categories",75.2,15.0,12.6,11399,8575,11399,75.2,0,,0,,0,
C064,8,C. Confidence cutoff,"steeper weights, 5 neighbours, predict only if winner has >= 70% of the vote, excluding S and R",75.9,16.3,18.0,12394,9410,12394,75.9,0,,0,,0,
C065,96,D. Down-weight common categories,"linear weights, 5 neighbours, votes divided by how common the category is overall, all categories",28.1,100.0,99.9,76105,21405,23286,43.5,17040,27.1,22048,21.0,13731,14.8
C066,93,D. Down-weight common categories,"linear weights, 5 neighbours, votes divided by how common the category is overall, excluding S and R",35.4,76.6,99.8,58338,20679,21752,49.5,13844,33.1,15074,26.1,7668,18.1
C067,95,D. Down-weight common categories,"steeper weights, 5 neighbours, votes divided by how common the category is overall, all categories",31.4,100.0,99.9,76105,23892,34001,42.4,18219,24.3,17589,21.6,6296,19.8
C068,87,D. Down-weight common categories,"steeper weights, 5 neighbours, votes divided by how common the category is overall, excluding S and R",38.9,76.6,99.8,58338,22705,30714,48.7,13066,30.8,11228,26.5,3330,22.1
C069,94,D. Down-weight common categories,"steeper weights, 3 neighbours, votes divided by how common the category is overall, all categories",32.0,100.0,99.7,76088,24339,40775,40.3,17486,23.4,14144,21.8,3683,20.0
C070,82,D. Down-weight common categories,"steeper weights, 3 neighbours, votes divided by how common the category is overall, excluding S and R",39.5,76.5,99.2,58255,23028,35827,47.0,11808,29.2,8707,26.8,1913,21.3
C071,81,E. Consensus across genomes,"each genome predicts with linear weights and 3 neighbours, then genomes vote, all categories",39.6,93.8,93.5,71365,28229,70001,39.8,1038,28.4,289,30.8,37,35.1
C072,50,E. Consensus across genomes,"each genome predicts with linear weights and 3 neighbours, then genomes vote, excluding S and R",43.9,72.0,92.9,54800,24083,53909,44.2,653,29.9,209,30.6,29,31.0
C073,84,E. Consensus across genomes,"each genome predicts with linear weights and 5 neighbours, then genomes vote, all categories",39.3,95.0,94.7,72309,28418,70761,39.6,1157,25.8,356,31.7,35,31.4
C074,54,E. Consensus across genomes,"each genome predicts with linear weights and 5 neighbours, then genomes vote, excluding S and R",43.0,72.7,94.0,55307,23806,54166,43.4,844,27.3,257,28.0,40,27.5
C075,61,E. Consensus across genomes,"each genome predicts with steeper weights and 3 neighbours, then genomes vote, all categories",41.5,92.5,92.1,70401,29248,69694,41.6,534,34.1,153,30.7,20,50.0
C076,34,E. Consensus across genomes,"each genome predicts with steeper weights and 3 neighbours, then genomes vote, excluding S and R",46.1,71.6,92.0,54469,25101,53926,46.2,397,30.5,123,28.5,23,47.8
C077,63,E. Consensus across genomes,"each genome predicts with steeper weights and 5 neighbours, then genomes vote, all categories",41.3,95.0,94.7,72286,29857,71364,41.4,679,34.3,218,33.0,25,20.0
C078,37,E. Consensus across genomes,"each genome predicts with steeper weights and 5 neighbours, then genomes vote, excluding S and R",45.8,72.9,94.4,55490,25429,54743,46.0,535,30.5,183,26.8,29,27.6
C079,72,F. Minimum evidence,"steeper weights, 5 neighbours, predict only if >= 2 genomes contribute votes, all categories",40.7,97.7,97.4,74359,30272,28953,57.1,18386,33.5,20088,29.0,6932,25.3
C080,43,F. Minimum evidence,"steeper weights, 5 neighbours, predict only if >= 2 genomes contribute votes, excluding S and R",45.2,74.8,96.7,56915,25748,28807,57.7,13361,35.3,11800,30.9,2947,25.6
C081,73,F. Minimum evidence,"steeper weights, 5 neighbours, predict only if >= 3 genomes contribute votes, all categories",40.7,97.7,97.3,74356,30272,28950,57.1,18386,33.5,20088,29.0,6932,25.3
C082,44,F. Minimum evidence,"steeper weights, 5 neighbours, predict only if >= 3 genomes contribute votes, excluding S and R",45.2,74.8,96.6,56906,25747,28798,57.7,13361,35.3,11800,30.9,2947,25.6
C083,74,F. Minimum evidence,"steeper weights, 5 neighbours, predict only if >= 5 genomes contribute votes, all categories",40.7,97.2,96.7,73958,30125,28787,57.2,18276,33.5,19991,29.0,6904,25.3
C084,41,F. Minimum evidence,"steeper weights, 5 neighbours, predict only if >= 5 genomes contribute votes, excluding S and R",45.3,74.3,95.8,56557,25609,28619,57.8,13273,35.3,11736,30.9,2929,25.6
C085,75,G. More neighbours,"steeper weights, 7 neighbours, all categories",40.7,97.7,97.4,74362,30273,28956,57.1,18386,33.5,20088,29.0,6932,25.3
C086,45,G. More neighbours,"steeper weights, 7 neighbours, excluding S and R",45.2,74.8,96.8,56924,25752,28816,57.7,13361,35.3,11800,30.9,2947,25.6
C087,76,G. More neighbours,"steeper weights, 10 neighbours, all categories",40.7,97.7,97.4,74362,30273,28956,57.1,18386,33.5,20088,29.0,6932,25.3
C088,46,G. More neighbours,"steeper weights, 10 neighbours, excluding S and R",45.2,74.8,96.8,56924,25752,28816,57.7,13361,35.3,11800,30.9,2947,25.6
C089,68,H. Multi-letter categories,"steeper weights, 5 neighbours, count every letter fully, all categories",41.0,96.8,96.2,73663,30188,26938,58.6,17394,35.2,20262,29.4,9069,25.5
C090,36,H. Multi-letter categories,"steeper weights, 5 neighbours, count every letter fully, excluding S and R",45.9,73.9,95.2,56246,25805,26757,59.1,12916,37.3,12392,32.6,4181,26.8
C091,80,H. Multi-letter categories,"steeper weights, 5 neighbours, ignore multi-letter genes, all categories",39.8,97.7,97.5,74366,29566,33923,53.0,19482,31.1,17068,26.5,3893,25.7
C092,52,H. Multi-letter categories,"steeper weights, 5 neighbours, ignore multi-letter genes, excluding S and R",43.7,75.1,97.4,57146,24974,33877,52.9,13062,31.5,8807,29.0,1400,26.1
C093,58,I. Other exclusions,"linear weights, 5 neighbours, excluding S only",42.5,74.8,97.0,56969,24193,21183,63.6,11099,35.1,15296,29.5,9391,24.6
C094,88,I. Other exclusions,"linear weights, 5 neighbours, excluding R only",38.9,98.0,97.7,74599,29029,20776,63.2,14740,36.2,21862,30.2,17221,23.0
C095,47,I. Other exclusions,"steeper weights, 5 neighbours, excluding S only",45.2,74.8,96.8,56924,25752,28816,57.7,13361,35.3,11800,30.9,2947,25.6
C096,77,I. Other exclusions,"steeper weights, 5 neighbours, excluding R only",40.7,97.7,97.4,74362,30273,28956,57.1,18386,33.5,20088,29.0,6932,25.3
C097,97,J. Control,"always predict 'S' (most common category), all categories",26.1,100.0,100.0,76111,19889,0,,0,,0,,76111,26.1
C098,98,J. Control,"always predict 'J' (most common category), excluding S and R",25.6,76.7,100.0,58356,14928,0,,0,,0,,58356,25.6
C099,99,J. Control,"random category, weighted by how common each is, all categories",13.1,100.0,100.0,76111,9982,0,,0,,0,,76111,13.1
C100,100,J. Control,original method run on the neighbours of a different random smORF,12.6,97.7,97.7,74389,9354,19298,14.9,15551,13.1,22372,11.9,17168,10.3
